<?xml version="1.0" encoding="UTF-8"?>
<project-private xmlns="http://www.netbeans.org/ns/project-private/1">
    <editor-bookmarks xmlns="http://www.netbeans.org/ns/editor-bookmarks/2" lastBookmarkId="0"/>
    <open-files xmlns="http://www.netbeans.org/ns/projectui-open-files/2">
        <group>
            <file>file:/C:/xampp/htdocs/codefest_day_3/actions/error_handlling.php</file>
            <file>file:/C:/xampp/htdocs/codefest_day_3/index.php</file>
            <file>file:/C:/xampp/htdocs/codefest_day_3/actions/deleteproducts.php</file>
            <file>file:/C:/xampp/htdocs/codefest_day_3/products.php</file>
            <file>file:/C:/xampp/htdocs/codefest_day_3/actions/saveproduct.php</file>
            <file>file:/C:/xampp/htdocs/codefest_day_3/actions/updateproduct.php</file>
            <file>file:/C:/xampp/htdocs/codefest_day_3/actions/dbconnection.php</file>
        </group>
    </open-files>
</project-private>
