<?xml version="1.0" encoding="UTF-8"?>
<project-private xmlns="http://www.netbeans.org/ns/project-private/1">
    <editor-bookmarks xmlns="http://www.netbeans.org/ns/editor-bookmarks/2" lastBookmarkId="0"/>
    <open-files xmlns="http://www.netbeans.org/ns/projectui-open-files/2">
        <group>
            <file>file:/C:/xampp/htdocs/CF_day6/products.php</file>
            <file>file:/C:/xampp/htdocs/CF_day6/regpro.php</file>
            <file>file:/C:/xampp/htdocs/CF_day6/checkout.php</file>
            <file>file:/C:/xampp/htdocs/CF_day6/cart.php</file>
            <file>file:/C:/xampp/htdocs/CF_day6/advancedSearch.php</file>
            <file>file:/C:/xampp/htdocs/CF_day6/viweproductdetails.php</file>
        </group>
    </open-files>
</project-private>
